URL,Title
HEALTHY BANANA OATS COOKIES AIR FRYER RECIPE / HOW TO MAKE OATMEAL BISCUITS VEGAN & GLUTEN FREE,https://youtube.com/watch?v=FvFiE1mpcDo
"AIR FRYER CHOCOLATE CHIP COOKIES üç™ RECIPE - NO BAKING SODA ,NO CORNSTARCH Yet PERFECT",https://youtube.com/watch?v=GXdOTAEt1Nk
AIR FRYER BUTTER COOKIES RECIPES. HOW TO MAKE Air fried Butter Cookies Recipe Easy Quick & Perfect,https://youtube.com/watch?v=r_at_pxE_nU
EASY SWEET CONDENSED MILK COOKIES  RECIPE AIR FRYER STYLE. How To Make  QUICK AIR FRIED Dessert,https://youtube.com/watch?v=wUzSZeTgb9o
EASY CHEWY PEANUT BUTTER COOKIES IN THE AIR FRYER RECIPE. PERFECT AND READY IN 10 MINUTES !!!!,https://youtube.com/watch?v=LwZcO8v4zOw
AIR FRYER COCONUT MACAROONS DESSERT!!!! 4 INGREDIENTS AIR FRIED RECIPE!!!  NO FLOUR COOKIES,https://youtube.com/watch?v=1rWYEi787ac
These Air Fryer Cookies Recipe will Melt in Your Mouth!!!! How To Make Air fried Biscuits Dessert,https://youtube.com/watch?v=4QTBEjelW5M
BEST EVER AIR FRYER MINI CHEESE SCONES : NO SUGAR NO EGGS. How To Air fry Scones From Scratch,https://youtube.com/watch?v=aDnRtEq8SfA
3 Ingredients Air Fryer Biscuits Recipe From Scratch. Easy Air Fried Recipes,https://youtube.com/watch?v=oeNP8DcUt94
5 BEST AIR FRYER COOKIES RECIPES TO MAKE AT HOME FOR All OCCASIONS. AIR FRYER BISCUITS,https://youtube.com/watch?v=kfrOcajKmj4
Easy Air fryer Norwegian Butter Cookies Recipes. Serina Butter Cake Cookies.,https://youtube.com/watch?v=QQIsGu_On9M
